customer_id	name	city	city_tier	signup_date	acquisition_source
C001	Aarav	Mumbai	1	1/7/2026	Organic
C002	Vivaan	Delhi	1	2/27/2026	Referral
C003	Aditi	Mumbai	1	6/23/2026	Organic
C004	Ananya	Lucknow	2	1/23/2026	Organic
C005	Ishaan	Mumbai	1	1/8/2026	Referral
C006	Diya	Delhi	1	5/10/2026	Organic
C007	Kabir	Lucknow	2	2/20/2026	Organic
C008	Meera	Lucknow	2	4/18/2026	Ad
C009	Rohan	Lucknow	2	3/13/2026	Social
C010	Sara	Mumbai	1	2/10/2026	Organic
C011	Arjun	Bangalore	1	3/13/2026	Referral
C012	Priya	Bangalore	1	1/27/2026	Referral
C013	Karan	Mumbai	1	4/2/2026	Social
C014	Neha	Lucknow	2	3/9/2026	Social
C015	Yash	Jaipur	2	5/18/2026	Referral
C016	Pooja	Jaipur	2	1/21/2026	Organic
C017	Rahul	Lucknow	2	4/3/2026	Organic
C018	Simran	Mumbai	1	1/12/2026	Organic
C019	Dev	Bangalore	1	1/21/2026	Social
C020	Tara	Mumbai	1	4/8/2026	Ad
C021	Aryan	Bangalore	1	2/11/2026	Ad
C022	Kavya	Delhi	1	6/21/2026	Ad
C023	Nikhil	Mumbai	1	6/5/2026	Organic
C024	Riya	Lucknow	2	3/4/2026	Referral
C025	Varun	Jaipur	2	3/11/2026	Social
C026	Isha	Lucknow	2	2/26/2026	Organic
C027	Manav	Mumbai	1	2/28/2026	Social
C028	Shreya	Bangalore	1	4/13/2026	Ad
C029	Tanish	Delhi	1	5/26/2026	Social
C030	Anika	Bangalore	1	2/24/2026	Organic
C031	Aditya	Jaipur	2	6/14/2026	Ad
C032	Naina	Bangalore	1	2/5/2026	Ad
C033	Siddharth	Lucknow	2	5/18/2026	Ad
C034	Zara	Lucknow	2	4/20/2026	Social
C035	Krishna	Jaipur	2	4/3/2026	Ad
C036	Aisha	Delhi	1	5/11/2026	Ad
C037	Rudra	Mumbai	1	1/29/2026	Referral
C038	Myra	Delhi	1	6/24/2026	Ad
C039	Om	Mumbai	1	4/9/2026	Ad
C040	Vanya	Jaipur	2	5/16/2026	Ad
C041	Ayaan	Lucknow	2	1/3/2026	Organic
C042	Sanya	Mumbai	1	6/24/2026	Social
C043	Reyansh	Bangalore	1	6/14/2026	Ad
C044	Aria	Bangalore	1	4/22/2026	Referral
C045	Vihaan	Mumbai	1	3/9/2026	Social
